{
  "minecraft:entity": {
    "format_version": 0.1,


    "component_groups": {
      "minecraft:exploding": {
        "minecraft:explode": {
          "fuseLength": 5,
          "fuseLit": true,
          "power": 10,
          "causesFire": false
        }
      },
      "minecraft:hunting": {
      },
      "minecraft:become_tnt": {
        "minecraft:transformation": {
          "into": "minecraft:tnt"
        }
      },
      "minecraft:charged_creeper": {
        "minecraft:is_charged": {
        }
      },
      "minecraft:charged_exploding": {
        "minecraft:explode": {
          "fuseLength": 1.5,
          "fuseLit": true,
          "power": 15,
          "causesFire": true
        }
      }
    },

    "components": {
      "minecraft:identifier": {
        "id": "minecraft:enderman"
      },
      "minecraft:breathable": {
        "totalSupply": 15,
        "suffocateTime": 0
      },
      "minecraft:health": {
        "value": 100,
        "max": 100
      },
      "minecraft:collision_box": {
        "width": 0.72,
        "height": 2.0
      },
      "minecraft:attack": {
        "damage": 4,
        "effect_name": "wither",
        "effect_duration": 10
			},

      "minecraft:shooter": {
        "type": "creeper",
        "def": "minecraft:creeper"
      },
      "minecraft:behavior.ranged_attack": {
        "attack_interval_min": 1,
        "attack_interval_max": 1,
        "attack_radius": 10
      },

      "minecraft:loot": {
        "table": "loot_tables/empty.json"
      },
      "minecraft:equipment": {
        "table": "loot_tables/empty.json"
      },
      "minecraft:movement": {
        "value": 0.20,
        "max": 0.20
      },
      "minecraft:scale": {
        "value": 1.5
      },
      "minecraft:fire_immune": true,
      "minecraft:behavior.float": {
        "priority": 0
      },
   

      "minecraft:behavior.hurt_by_target": {
        "priority": 1
      },
      "minecraft:behavior.nearest_attackable_target": {
        "priority": 2,
        "entity_types": [
          {
            "filters": { 
"other_with_families": "undead" 
},
            "filters": { 
"other_without_families": "monster" 
},

            "max_dist": 16
          }
        ],
        "must_see": true
      },
      "minecraft:behavior.melee_attack": {
        "priority": 4,
        "target_dist": 1.2,
        "speed_multiplier": 1.25,
        "track_target": true
      },
      "minecraft:behavior.random_stroll": {
        "priority": 5,
        "speed_multiplier": 1
      },
      "minecraft:behavior.look_at_player": {
        "priority": 6,
        "look_distance": 8
      },


      "minecraft:damage_sensor": [
        {
          "on_damage": {
            "filters": { 
              "with_damage_fatal": true 
              },
          "event":                                                                                                 "minecraft:become_tnt",
          "target": "self",
          "deals_damage": false
          }
        }
      ],



 "minecraft:behavior.random_look_around": {
        "priority": 6
      },
      "minecraft:type_family": {
        "family": [ "wither", "monster", "undead" ]
      },
      "minecraft:hurt_when_wet": {
        "value": false
      }
    },

    "events": {
      "minecraft:start_exploding": {
        "sequence":[
          {
            "filters": {
              "without_components":["minecraft:is_charged"]
            },
            "remove": {
              "component_groups": [
                "minecraft:hunting"
              ]
            },
            "add": {
              "component_groups": [
                "minecraft:exploding"
              ]
            }
          },
          {
            "filters": {
              "with_components":["minecraft:is_charged"]
            },
            "remove": {
              "component_groups": [
                "minecraft:hunting"
              ]
            },
            "add": {
              "component_groups": [
                "minecraft:charged_exploding"
              ]
            }
          }
        ]
      },
      "minecraft:stop_exploding": {
        "remove": {
          "component_groups": [
            "minecraft:exploding"
          ]
        },
        "add": {
          "component_groups": [
            "minecraft:hunting"
          ]
        }
      },
      "minecraft:become_tnt": {
        "add": {
          "component_groups": [
            "minecraft:become_tnt"
          ]
        }
      },
      "minecraft:become_charged": {
        "remove": {
          "component_groups": [
            "minecraft:exploding"
          ]
        },
        "add": {
          "component_groups": [
            "minecraft:charged_creeper"
          ]
        }
      }
    }
  }
}