{
"geometry.enderman": 
{
"texturewidth": 64,
"textureheight": 64,
"bones": [


{
"name": "body",
"pivot": [ 0.0, 27.0, 0.0 ],
"cubes": [
{
"origin": [ -4 , -2, -1 ],
"size": [ 8, 8, 8 ],
"uv": [ 32, 0 ]
},
{
"origin": [ -4 , -4, 4 ],
"size": [ 8, 8, 8 ],
"uv": [ 32, 0 ]
},
{
"origin": [ -4 , 4, -3 ],
"size": [ 8, 8, 8 ],
"uv": [ 32, 0 ]
}
]
},



{
"name": "head",
"pivot": [ 0.0, 28.0, 6 ],
"cubes": [
{
"origin": [ -4, 22, -15],
"size": [ 10, 10, 10 ],
"uv": [ 0, 0 ]
},
{
"origin": [ -4, 20, -9 ],
"size": [ 8, 8, 8 ],
"uv": [ 32, 0 ]
},
{
"origin": [ -4, 17, -7 ],
"size": [ 8, 8, 8 ],
"uv": [ 32, 0 ]
},
{
"origin": [ -4, 15, -4 ],
"size": [ 8, 8, 8 ],
"uv": [ 32, 0 ]
},
{
"origin": [ -4, 12, -4 ],
"size": [ 8, 8, 8 ],
"uv": [ 32, 0 ]
},
{
"origin": [ -4, 10, -3 ],
"size": [ 8, 8, 8 ],
"uv": [ 32, 0 ]
},
{
"origin": [ -4, 7, 0 ],
"size": [ 8, 8, 8 ],
"uv": [ 32, 0 ]
}
]
},



{
"name": "rightArm",
"pivot": [ -4.0, 25.0, 0.0 ],
"cubes": [
{
"origin": [ -3.0, 16, -8 ],
"size": [ 6, 6, 8 ],
"uv": [ 32, 0 ] 

},
{
"origin": [ -5, 10, -8 ],
"size": [ 6, 6, 8 ],
"uv": [ 32, 0 ] 

},
{
"origin": [ -8, 7, -10 ],
"size": [ 6, 6, 8 ],
"uv": [ 32, 0 ] 

},
{
"origin": [ -10, 6, -13 ],
"size": [ 6, 6, 8 ],
"uv": [ 32, 0 ] 

},
{
"origin": [ -12, 1, -15 ],
"size": [ 6, 6, 6 ],
"uv": [ 32, 0 ] 

},
{
"origin": [ -13, -2, -16 ],
"size": [ 6, 9, 6 ],
"uv": [ 0, 16 ] 

}
]
},



{
"name": "leftArm",
"pivot": [ 4.0, 25.0, 0.0 ],
"cubes": [
{
"origin": [ -3, 16, -8 ],
"size": [ 6, 6, 8 ],
"uv": [ 32, 0 ] 

},
{
"origin": [ 0, 10, -8 ],
"size": [ 6, 6, 8 ],
"uv": [ 32, 0 ] 

},
{
"origin": [ 2, 7, -10 ],
"size": [ 6, 6, 8 ],
"uv": [ 32, 0 ] 

},
{
"origin": [ 4, 6, -13 ],
"size": [ 6, 6, 8 ],
"uv": [ 32, 0 ] 

},
{
"origin": [ 6, 1, -15 ],
"size": [ 6, 6, 6 ],
"uv": [ 32, 0 ] 

},
{
"origin": [ 7, -2, -16 ],
"size": [ 6, 6, 8 ],
"uv": [ 0, 16 ]

}
],
"mirror": true
},



{
"name": "rightLeg",
"pivot": [ -1.9, 12.0, 0.0 ],
"cubes": [
{
"origin": [ -3, -9, 6],
"size": [ 6, 6, 6 ],
"uv": [ 32, 0 ] 
},
{
"origin": [ -3, -10, 10],
"size": [ 6, 6, 6 ],
"uv": [ 32, 0 ] 
},
{
"origin": [ -8, -13, 13],
"size": [ 6, 7, 6 ],
"uv": [ 32, 0 ] 
},
{
"origin": [ -11, -16, 15],
"size": [ 6, 9, 6 ],
"uv": [ 0, 16 ] 
}
]
},



{
"name": "leftLeg",
"pivot": [ 1.9, 12.0, 0.0 ],
"cubes": [
{
"origin": [ -3, -9, 6 ],
"size": [ 6, 6, 6 ],
"uv": [ 32, 0 ] 
},
{
"origin": [ -1, -10, 10 ],
"size": [ 6, 6, 6 ],
"uv": [ 32, 0 ] 
},
{
"origin": [ 2, -13, 13 ],
"size": [ 6, 7, 6 ],
"uv": [ 32, 0 ]
},
{
"origin": [ 5, -16, 15 ],
"size": [ 6, 9, 6 ],
"uv": [ 0, 16 ]
}
],
"mirror": true
}
]
}

}